{"0.11862740152215845":{"user_id":2},"0.6818550432990436":{"user_id":2},"0.24917434240244662":{"user_id":1},"0.11967708132100419":{"user_id":1},"0.8676008008900493":{"user_id":1},"0.6634442371347204":{"user_id":1}}